State,Year,Week,Cases,Percent
Alabama,2017,40,698,0.084642
Alaska,2017,40,326,0.0395319
Arizona,2017,40,406,0.049233
Arkansas,2017,40,37,0.0044868
California,2017,40,842,0.1021039
Colorado,2017,40,129,0.015643
Connecticut,2017,40,48,0.0058207
Delaware,2017,40,2,0.0002425
Florida,2017,40,0,0
Georgia,2017,40,850,0.103074
Hawaii,2017,40,23,0.0027891
Idaho,2017,40,2,0.0002425
Illinois,2017,40,571,0.0692415
Indiana,2017,40,68,0.0082459
Iowa,2017,40,12,0.0014552
Kansas,2017,40,66,0.0080034
Kentucky,2017,40,63,0.0076396
Louisiana,2017,40,1244,0.1508519
Maine,2017,40,9,0.0010914
Maryland,2017,40,71,0.0086097
Massachusetts,2017,40,186,0.022555
Michigan,2017,40,288,0.0349239
Minnesota,2017,40,99,0.0120051
Mississippi,2017,40,450,0.0545686
Missouri,2017,40,20,0.0024253
Montana,2017,40,6,0.0007276
Nebraska,2017,40,108,0.0130965
Nevada,2017,40,115,0.0139453
New Hampshire,2017,40,22,0.0026678
New Jersey,2017,40,481,0.0583278
New Mexico,2017,40,146,0.0177045
New York,2017,40,147,0.0178257
North Carolina,2017,40,149,0.0180683
North Dakota,2017,40,1,0.0001213
Ohio,2017,40,93,0.0112775
Oklahoma,2017,40,87,0.0105499
Oregon,2017,40,286,0.0346814
Pennsylvania,2017,40,611,0.074092
Rhode Island,2017,40,21,0.0025465
South Carolina,2017,40,140,0.0169769
South Dakota,2017,40,126,0.0152792
Tennessee,2017,40,46,0.0055781
Texas,2017,40,642,0.0778512
Utah,2017,40,37,0.0044868
Vermont,2017,40,50,0.0060632
Virginia,2017,40,1097,0.1330261
Washington,2017,40,12,0.0014552
West Virginia,2017,40,124,0.0150367
Wisconsin,2017,40,130,0.0157643
Wyoming,2017,40,54,0.0065482
Alabama,2017,41,738,0.0894925
Alaska,2017,41,139,0.0168556
Arizona,2017,41,373,0.0452313
Arkansas,2017,41,51,0.0061844
California,2017,41,731,0.0886437
Colorado,2017,41,142,0.0172194
Connecticut,2017,41,47,0.0056994
Delaware,2017,41,2,0.0002425
Florida,2017,41,0,0
Georgia,2017,41,982,0.1190808
Hawaii,2017,41,16,0.0019402
Idaho,2017,41,6,0.0007276
Illinois,2017,41,583,0.0706967
Indiana,2017,41,59,0.0071546
Iowa,2017,41,13,0.0015764
Kansas,2017,41,75,0.0090948
Kentucky,2017,41,103,0.0124901
Louisiana,2017,41,1286,0.1559449
Maine,2017,41,22,0.0026678
Maryland,2017,41,85,0.0103074
Massachusetts,2017,41,296,0.035894
Michigan,2017,41,310,0.0375917
Minnesota,2017,41,106,0.0128539
Mississippi,2017,41,318,0.0385618
Missouri,2017,41,23,0.0027891
Montana,2017,41,2,0.0002425
Nebraska,2017,41,119,0.0144304
Nevada,2017,41,115,0.0139453
New Hampshire,2017,41,14,0.0016977
New Jersey,2017,41,464,0.0562663
New Mexico,2017,41,121,0.0146729
New York,2017,41,133,0.0161281
North Carolina,2017,41,189,0.0229188
North Dakota,2017,41,6,0.0007276
Ohio,2017,41,129,0.015643
Oklahoma,2017,41,163,0.019766
Oregon,2017,41,311,0.037713
Pennsylvania,2017,41,533,0.0646335
Rhode Island,2017,41,13,0.0015764
South Carolina,2017,41,119,0.0144304
South Dakota,2017,41,141,0.0170982
Tennessee,2017,41,48,0.0058207
Texas,2017,41,654,0.0793064
Utah,2017,41,37,0.0044868
Vermont,2017,41,49,0.0059419
Virginia,2017,41,1141,0.1383617
Washington,2017,41,28,0.0033954
West Virginia,2017,41,106,0.0128539
Wisconsin,2017,41,105,0.0127327
Wyoming,2017,41,88,0.0106712
Alabama,2017,42,710,0.0860971
Alaska,2017,42,183,0.0221912
Arizona,2017,42,374,0.0453526
Arkansas,2017,42,35,0.0042442
California,2017,42,819,0.0993149
Colorado,2017,42,158,0.0191596
Connecticut,2017,42,47,0.0056994
Delaware,2017,42,1,0.0001213
Florida,2017,42,0,0
Georgia,2017,42,1022,0.1239314
Hawaii,2017,42,36,0.0043655
Idaho,2017,42,5,0.0006063
Illinois,2017,42,485,0.0588128
Indiana,2017,42,69,0.0083672
Iowa,2017,42,9,0.0010914
Kansas,2017,42,65,0.0078821
Kentucky,2017,42,104,0.0126114
Louisiana,2017,42,1484,0.1799551
Maine,2017,42,35,0.0042442
Maryland,2017,42,72,0.008731
Massachusetts,2017,42,279,0.0338325
Michigan,2017,42,373,0.0452313
Minnesota,2017,42,106,0.0128539
Mississippi,2017,42,314,0.0380768
Missouri,2017,42,34,0.004123
Montana,2017,42,2,0.0002425
Nebraska,2017,42,206,0.0249803
Nevada,2017,42,136,0.0164918
New Hampshire,2017,42,16,0.0019402
New Jersey,2017,42,552,0.0669375
New Mexico,2017,42,161,0.0195234
New York,2017,42,186,0.022555
North Carolina,2017,42,160,0.0194022
North Dakota,2017,42,3,0.0003638
Ohio,2017,42,138,0.0167344
Oklahoma,2017,42,146,0.0177045
Oregon,2017,42,378,0.0458376
Pennsylvania,2017,42,587,0.0711817
Rhode Island,2017,42,26,0.0031529
South Carolina,2017,42,133,0.0161281
South Dakota,2017,42,163,0.019766
Tennessee,2017,42,49,0.0059419
Texas,2017,42,641,0.0777299
Utah,2017,42,52,0.0063057
Vermont,2017,42,56,0.0067908
Virginia,2017,42,1240,0.1503668
Washington,2017,42,44,0.0053356
West Virginia,2017,42,85,0.0103074
Wisconsin,2017,42,107,0.0129752
Wyoming,2017,42,50,0.0060632
Alabama,2017,43,799,0.0968896
Alaska,2017,43,160,0.0194022
Arizona,2017,43,408,0.0494755
Arkansas,2017,43,70,0.0084885
California,2017,43,898,0.1088947
Colorado,2017,43,145,0.0175832
Connecticut,2017,43,64,0.0077609
Delaware,2017,43,3,0.0003638
District of Columbia,2017,43,279,0.0338325
Florida,2017,43,0,0
Georgia,2017,43,1165,0.1412721
Hawaii,2017,43,36,0.0043655
Idaho,2017,43,7,0.0008488
Illinois,2017,43,535,0.064876
Indiana,2017,43,81,0.0098224
Iowa,2017,43,11,0.0013339
Kansas,2017,43,82,0.0099436
Kentucky,2017,43,160,0.0194022
Louisiana,2017,43,1594,0.1932941
Maine,2017,43,33,0.0040017
Maryland,2017,43,74,0.0089735
Massachusetts,2017,43,337,0.0408658
Michigan,2017,43,375,0.0454738
Minnesota,2017,43,88,0.0106712
Mississippi,2017,43,467,0.0566301
Missouri,2017,43,39,0.0047293
Montana,2017,43,2,0.0002425
Nebraska,2017,43,208,0.0252228
Nevada,2017,43,124,0.0150367
New Hampshire,2017,43,23,0.0027891
New Jersey,2017,43,546,0.0662099
New Mexico,2017,43,157,0.0190384
New York,2017,43,195,0.0236464
North Carolina,2017,43,244,0.0295883
North Dakota,2017,43,9,0.0010914
Ohio,2017,43,152,0.0184321
Oklahoma,2017,43,162,0.0196447
Oregon,2017,43,387,0.046929
Pennsylvania,2017,43,557,0.0675438
Rhode Island,2017,43,35,0.0042442
South Carolina,2017,43,176,0.0213424
South Dakota,2017,43,201,0.024374
Tennessee,2017,43,57,0.006912
Texas,2017,43,710,0.0860971
Utah,2017,43,57,0.006912
Vermont,2017,43,47,0.0056994
Virginia,2017,43,1434,0.173892
Washington,2017,43,17,0.0020615
West Virginia,2017,43,107,0.0129752
Wisconsin,2017,43,121,0.0146729
Wyoming,2017,43,96,0.0116413
Alabama,2017,44,979,0.118717
Alaska,2017,44,137,0.0166131
Arizona,2017,44,471,0.0571151
Arkansas,2017,44,63,0.0076396
California,2017,44,941,0.114109
Colorado,2017,44,191,0.0231613
Connecticut,2017,44,67,0.0081247
Delaware,2017,44,14,0.0016977
District of Columbia,2017,44,232,0.0281331
Florida,2017,44,0,0
Georgia,2017,44,1208,0.1464864
Hawaii,2017,44,31,0.0037592
Idaho,2017,44,15,0.001819
Illinois,2017,44,549,0.0665737
Indiana,2017,44,80,0.0097011
Iowa,2017,44,21,0.0025465
Kansas,2017,44,84,0.0101861
Kentucky,2017,44,182,0.02207
Louisiana,2017,44,1933,0.2344025
Maine,2017,44,14,0.0016977
Maryland,2017,44,70,0.0084885
Massachusetts,2017,44,338,0.0409871
Michigan,2017,44,340,0.0412296
Minnesota,2017,44,99,0.0120051
Mississippi,2017,44,413,0.0500819
Missouri,2017,44,92,0.0111562
Montana,2017,44,7,0.0008488
Nebraska,2017,44,223,0.0270418
Nevada,2017,44,167,0.020251
New Hampshire,2017,44,24,0.0029103
New Jersey,2017,44,580,0.0703329
New Mexico,2017,44,200,0.0242527
New York,2017,44,204,0.0247378
North Carolina,2017,44,282,0.0341963
North Dakota,2017,44,6,0.0007276
Ohio,2017,44,162,0.0196447
Oklahoma,2017,44,196,0.0237677
Oregon,2017,44,454,0.0550537
Pennsylvania,2017,44,664,0.080519
Rhode Island,2017,44,29,0.0035166
South Carolina,2017,44,198,0.0240102
South Dakota,2017,44,193,0.0234039
Tennessee,2017,44,111,0.0134603
Texas,2017,44,774,0.093858
Utah,2017,44,48,0.0058207
Vermont,2017,44,40,0.0048505
Virginia,2017,44,1495,0.181289
Washington,2017,44,49,0.0059419
West Virginia,2017,44,84,0.0101861
Wisconsin,2017,44,106,0.0128539
Wyoming,2017,44,84,0.0101861
Alabama,2017,45,964,0.1168981
Alaska,2017,45,149,0.0180683
Arizona,2017,45,317,0.0384406
Arkansas,2017,45,60,0.0072758
California,2017,45,942,0.1142303
Colorado,2017,45,220,0.026678
Connecticut,2017,45,61,0.0073971
Delaware,2017,45,5,0.0006063
District of Columbia,2017,45,304,0.0368641
Florida,2017,45,0,0
Georgia,2017,45,1466,0.1777724
Hawaii,2017,45,41,0.0049718
Idaho,2017,45,7,0.0008488
Illinois,2017,45,633,0.0767598
Indiana,2017,45,70,0.0084885
Iowa,2017,45,22,0.0026678
Kansas,2017,45,125,0.0151579
Kentucky,2017,45,173,0.0209786
Louisiana,2017,45,2029,0.2460438
Maine,2017,45,22,0.0026678
Maryland,2017,45,88,0.0106712
Massachusetts,2017,45,441,0.0534772
Michigan,2017,45,438,0.0531134
Minnesota,2017,45,107,0.0129752
Mississippi,2017,45,819,0.0993149
Missouri,2017,45,78,0.0094586
Montana,2017,45,4,0.0004851
Nebraska,2017,45,145,0.0175832
Nevada,2017,45,184,0.0223125
New Hampshire,2017,45,22,0.0026678
New Jersey,2017,45,612,0.0742133
New Mexico,2017,45,258,0.031286
New York,2017,45,232,0.0281331
North Carolina,2017,45,263,0.0318923
North Dakota,2017,45,10,0.0012126
Ohio,2017,45,186,0.022555
Oklahoma,2017,45,239,0.028982
Oregon,2017,45,520,0.0630571
Pennsylvania,2017,45,762,0.0924028
Rhode Island,2017,45,39,0.0047293
South Carolina,2017,45,215,0.0260717
South Dakota,2017,45,244,0.0295883
Tennessee,2017,45,174,0.0210999
Texas,2017,45,1109,0.1344813
Utah,2017,45,34,0.004123
Vermont,2017,45,47,0.0056994
Virginia,2017,45,1571,0.1905051
Washington,2017,45,55,0.0066695
West Virginia,2017,45,98,0.0118838
Wisconsin,2017,45,118,0.0143091
Wyoming,2017,45,70,0.0084885
Alabama,2017,46,1100,0.1333899
Alaska,2017,46,162,0.0196447
Arizona,2017,46,451,0.0546899
Arkansas,2017,46,114,0.013824
California,2017,46,1012,0.1227187
Colorado,2017,46,256,0.0310435
Connecticut,2017,46,80,0.0097011
Delaware,2017,46,3,0.0003638
District of Columbia,2017,46,352,0.0426848
Florida,2017,46,0,0
Georgia,2017,46,1541,0.1868672
Hawaii,2017,46,40,0.0048505
Idaho,2017,46,9,0.0010914
Illinois,2017,46,610,0.0739708
Indiana,2017,46,58,0.0070333
Iowa,2017,46,17,0.0020615
Kansas,2017,46,148,0.017947
Kentucky,2017,46,243,0.029467
Louisiana,2017,46,2303,0.27927
Maine,2017,46,37,0.0044868
Maryland,2017,46,150,0.0181895
Massachusetts,2017,46,472,0.0572364
Michigan,2017,46,394,0.0477778
Minnesota,2017,46,115,0.0139453
Mississippi,2017,46,1080,0.1309647
Missouri,2017,46,100,0.0121264
Montana,2017,46,4,0.0004851
Nebraska,2017,46,232,0.0281331
Nevada,2017,46,167,0.020251
New Hampshire,2017,46,11,0.0013339
New Jersey,2017,46,647,0.0784575
New Mexico,2017,46,427,0.0517795
New York,2017,46,236,0.0286182
North Carolina,2017,46,354,0.0429273
North Dakota,2017,46,6,0.0007276
Ohio,2017,46,201,0.024374
Oklahoma,2017,46,230,0.0278906
Oregon,2017,46,536,0.0649973
Pennsylvania,2017,46,808,0.097981
Rhode Island,2017,46,39,0.0047293
South Carolina,2017,46,226,0.0274056
South Dakota,2017,46,305,0.0369854
Tennessee,2017,46,138,0.0167344
Texas,2017,46,1365,0.1655248
Utah,2017,46,64,0.0077609
Vermont,2017,46,62,0.0075183
Virginia,2017,46,1814,0.2199721
Washington,2017,46,43,0.0052143
West Virginia,2017,46,107,0.0129752
Wisconsin,2017,46,37,0.0044868
Wyoming,2017,46,47,0.0056994
Alabama,2017,47,967,0.1172619
Alaska,2017,47,156,0.0189171
Arizona,2017,47,217,0.0263142
Arkansas,2017,47,48,0.0058207
California,2017,47,809,0.0981022
Colorado,2017,47,227,0.0275268
Connecticut,2017,47,57,0.006912
Delaware,2017,47,1,0.0001213
District of Columbia,2017,47,230,0.0278906
Florida,2017,47,0,0
Georgia,2017,47,1624,0.196932
Hawaii,2017,47,37,0.0044868
Idaho,2017,47,9,0.0010914
Illinois,2017,47,545,0.0660886
Indiana,2017,47,39,0.0047293
Iowa,2017,47,24,0.0029103
Kansas,2017,47,128,0.0155217
Kentucky,2017,47,151,0.0183108
Louisiana,2017,47,2457,0.2979446
Maine,2017,47,24,0.0029103
Maryland,2017,47,104,0.0126114
Massachusetts,2017,47,455,0.0551749
Michigan,2017,47,427,0.0517795
Minnesota,2017,47,90,0.0109137
Mississippi,2017,47,1087,0.1318135
Missouri,2017,47,77,0.0093373
Montana,2017,47,6,0.0007276
Nebraska,2017,47,260,0.0315285
Nevada,2017,47,214,0.0259504
New Hampshire,2017,47,16,0.0019402
New Jersey,2017,47,666,0.0807615
New Mexico,2017,47,246,0.0298308
New York,2017,47,195,0.0236464
North Carolina,2017,47,276,0.0334687
North Dakota,2017,47,16,0.0019402
Ohio,2017,47,147,0.0178257
Oklahoma,2017,47,201,0.024374
Oregon,2017,47,553,0.0670588
Pennsylvania,2017,47,717,0.086946
Rhode Island,2017,47,29,0.0035166
South Carolina,2017,47,175,0.0212211
South Dakota,2017,47,198,0.0240102
Tennessee,2017,47,129,0.015643
Texas,2017,47,1023,0.1240526
Utah,2017,47,43,0.0052143
Vermont,2017,47,69,0.0083672
Virginia,2017,47,1878,0.227733
Washington,2017,47,56,0.0067908
West Virginia,2017,47,140,0.0169769
Wisconsin,2017,47,91,0.011035
Wyoming,2017,47,39,0.0047293
Alabama,2017,48,1239,0.1502456
Alaska,2017,48,181,0.0219487
Arizona,2017,48,615,0.0745771
Arkansas,2017,48,129,0.015643
California,2017,48,987,0.1196871
Colorado,2017,48,336,0.0407446
Connecticut,2017,48,98,0.0118838
Delaware,2017,48,5,0.0006063
District of Columbia,2017,48,394,0.0477778
Florida,2017,48,0,0
Georgia,2017,48,1650,0.2000849
Hawaii,2017,48,60,0.0072758
Idaho,2017,48,16,0.0019402
Illinois,2017,48,906,0.1098648
Indiana,2017,48,110,0.013339
Iowa,2017,48,40,0.0048505
Kansas,2017,48,128,0.0155217
Kentucky,2017,48,237,0.0287395
Louisiana,2017,48,3026,0.3669436
Maine,2017,48,40,0.0048505
Maryland,2017,48,111,0.0134603
Massachusetts,2017,48,504,0.0611168
Michigan,2017,48,429,0.0520221
Minnesota,2017,48,100,0.0121264
Mississippi,2017,48,1048,0.1270842
Missouri,2017,48,72,0.008731
Montana,2017,48,3,0.0003638
Nebraska,2017,48,241,0.0292245
Nevada,2017,48,216,0.0261929
New Hampshire,2017,48,27,0.0032741
New Jersey,2017,48,747,0.0905839
New Mexico,2017,48,251,0.0304372
New York,2017,48,275,0.0333475
North Carolina,2017,48,324,0.0392894
North Dakota,2017,48,10,0.0012126
Ohio,2017,48,237,0.0287395
Oklahoma,2017,48,258,0.031286
Oregon,2017,48,529,0.0641484
Pennsylvania,2017,48,888,0.107682
Rhode Island,2017,48,32,0.0038804
South Carolina,2017,48,244,0.0295883
South Dakota,2017,48,230,0.0278906
Tennessee,2017,48,126,0.0152792
Texas,2017,48,1541,0.1868672
Utah,2017,48,59,0.0071546
Vermont,2017,48,73,0.0088522
Virginia,2017,48,2213,0.2683563
Washington,2017,48,70,0.0084885
West Virginia,2017,48,155,0.0187959
Wisconsin,2017,48,115,0.0139453
Wyoming,2017,48,68,0.0082459
Alabama,2017,49,1274,0.1544898
Alaska,2017,49,192,0.0232826
Arizona,2017,49,449,0.0544473
Arkansas,2017,49,156,0.0189171
California,2017,49,1230,0.1491542
Colorado,2017,49,379,0.0459589
Connecticut,2017,49,109,0.0132177
Delaware,2017,49,5,0.0006063
District of Columbia,2017,49,368,0.044625
Florida,2017,49,0,0
Georgia,2017,49,1568,0.1901413
Hawaii,2017,49,56,0.0067908
Idaho,2017,49,15,0.001819
Illinois,2017,49,957,0.1160492
Indiana,2017,49,127,0.0154005
Iowa,2017,49,47,0.0056994
Kansas,2017,49,175,0.0212211
Kentucky,2017,49,368,0.044625
Louisiana,2017,49,2661,0.3226824
Maine,2017,49,37,0.0044868
Maryland,2017,49,119,0.0144304
Massachusetts,2017,49,555,0.0673013
Michigan,2017,49,524,0.0635421
Minnesota,2017,49,153,0.0185533
Mississippi,2017,49,917,0.1111987
Missouri,2017,49,172,0.0208573
Montana,2017,49,4,0.0004851
Nebraska,2017,49,217,0.0263142
Nevada,2017,49,251,0.0304372
New Hampshire,2017,49,20,0.0024253
New Jersey,2017,49,724,0.0877948
New Mexico,2017,49,338,0.0409871
New York,2017,49,331,0.0401382
North Carolina,2017,49,340,0.0412296
North Dakota,2017,49,17,0.0020615
Ohio,2017,49,289,0.0350452
Oklahoma,2017,49,257,0.0311647
Oregon,2017,49,609,0.0738495
Pennsylvania,2017,49,825,0.1000424
Rhode Island,2017,49,106,0.0128539
South Carolina,2017,49,238,0.0288607
South Dakota,2017,49,220,0.026678
Tennessee,2017,49,123,0.0149154
Texas,2017,49,1672,0.2027527
Utah,2017,49,67,0.0081247
Vermont,2017,49,71,0.0086097
Virginia,2017,49,2050,0.2485903
Washington,2017,49,20,0.0024253
West Virginia,2017,49,160,0.0194022
Wisconsin,2017,49,146,0.0177045
Wyoming,2017,49,85,0.0103074
Alabama,2017,50,1737,0.2106348
Alaska,2017,50,204,0.0247378
Arizona,2017,50,866,0.1050142
Arkansas,2017,50,258,0.031286
California,2017,50,1630,0.1976596
Colorado,2017,50,436,0.0528709
Connecticut,2017,50,82,0.0099436
Delaware,2017,50,7,0.0008488
District of Columbia,2017,50,363,0.0440187
Florida,2017,50,0,0
Georgia,2017,50,1683,0.2040866
Hawaii,2017,50,40,0.0048505
Idaho,2017,50,7,0.0008488
Illinois,2017,50,1397,0.1694052
Indiana,2017,50,106,0.0128539
Iowa,2017,50,47,0.0056994
Kansas,2017,50,264,0.0320136
Kentucky,2017,50,522,0.0632996
Louisiana,2017,50,4045,0.4905111
Maine,2017,50,30,0.0036379
Maryland,2017,50,122,0.0147942
Massachusetts,2017,50,639,0.0774874
Michigan,2017,50,545,0.0660886
Minnesota,2017,50,157,0.0190384
Mississippi,2017,50,1498,0.1816528
Missouri,2017,50,203,0.0246165
Montana,2017,50,3,0.0003638
Nebraska,2017,50,298,0.0361365
Nevada,2017,50,406,0.049233
New Hampshire,2017,50,24,0.0029103
New Jersey,2017,50,826,0.1001637
New Mexico,2017,50,383,0.0464439
New York,2017,50,347,0.0420785
North Carolina,2017,50,305,0.0369854
North Dakota,2017,50,21,0.0025465
Ohio,2017,50,262,0.0317711
Oklahoma,2017,50,458,0.0555387
Oregon,2017,50,854,0.1035591
Pennsylvania,2017,50,850,0.103074
Rhode Island,2017,50,79,0.0095798
South Carolina,2017,50,242,0.0293458
South Dakota,2017,50,209,0.0253441
Tennessee,2017,50,207,0.0251016
Texas,2017,50,2764,0.3351725
Utah,2017,50,74,0.0089735
Vermont,2017,50,89,0.0107925
Virginia,2017,50,2231,0.270539
Washington,2017,50,25,0.0030316
West Virginia,2017,50,321,0.0389256
Wisconsin,2017,50,126,0.0152792
Wyoming,2017,50,94,0.0113988
Alabama,2017,51,3116,0.3778573
Alaska,2017,51,208,0.0252228
Arizona,2017,51,973,0.1179895
Arkansas,2017,51,375,0.0454738
California,2017,51,2050,0.2485903
Colorado,2017,51,546,0.0662099
Connecticut,2017,51,54,0.0065482
Delaware,2017,51,13,0.0015764
District of Columbia,2017,51,296,0.035894
Florida,2017,51,0,0
Georgia,2017,51,2199,0.2666586
Hawaii,2017,51,67,0.0081247
Idaho,2017,51,24,0.0029103
Illinois,2017,51,1956,0.2371915
Indiana,2017,51,159,0.0192809
Iowa,2017,51,51,0.0061844
Kansas,2017,51,395,0.0478991
Kentucky,2017,51,1007,0.1221124
Louisiana,2017,51,5981,0.7252774
Maine,2017,51,35,0.0042442
Maryland,2017,51,161,0.0195234
Massachusetts,2017,51,719,0.0871885
Michigan,2017,51,579,0.0702116
Minnesota,2017,51,177,0.0214637
Mississippi,2017,51,2426,0.2941854
Missouri,2017,51,278,0.0337113
Montana,2017,51,2,0.0002425
Nebraska,2017,51,379,0.0459589
Nevada,2017,51,479,0.0580852
New Hampshire,2017,51,22,0.0026678
New Jersey,2017,51,907,0.1099861
New Mexico,2017,51,575,0.0697266
New York,2017,51,445,0.0539623
North Carolina,2017,51,214,0.0259504
North Dakota,2017,51,68,0.0082459
Ohio,2017,51,363,0.0440187
Oklahoma,2017,51,532,0.0645122
Oregon,2017,51,1397,0.1694052
Pennsylvania,2017,51,1015,0.1230825
Rhode Island,2017,51,70,0.0084885
South Carolina,2017,51,328,0.0397744
South Dakota,2017,51,277,0.03359
Tennessee,2017,51,329,0.0398957
Texas,2017,51,3938,0.4775359
Utah,2017,51,143,0.0173407
Vermont,2017,51,63,0.0076396
Virginia,2017,51,2749,0.3333535
Washington,2017,51,39,0.0047293
West Virginia,2017,51,440,0.053356
Wisconsin,2017,51,164,0.0198872
Wyoming,2017,51,117,0.0141878
Alabama,2017,52,3583,0.4344874
Alaska,2017,52,231,0.0280119
Arizona,2017,52,1078,0.1307221
Arkansas,2017,52,286,0.0346814
California,2017,52,2413,0.292609
Colorado,2017,52,469,0.0568726
Connecticut,2017,52,68,0.0082459
Delaware,2017,52,4,0.0004851
District of Columbia,2017,52,270,0.0327412
Florida,2017,52,0,0
Georgia,2017,52,2412,0.2924877
Hawaii,2017,52,57,0.006912
Idaho,2017,52,13,0.0015764
Illinois,2017,52,2524,0.3060692
Indiana,2017,52,167,0.020251
Iowa,2017,52,83,0.0100649
Kansas,2017,52,379,0.0459589
Kentucky,2017,52,782,0.0948281
Louisiana,2017,52,6388,0.7746317
Maine,2017,52,25,0.0030316
Maryland,2017,52,189,0.0229188
Massachusetts,2017,52,796,0.0965258
Michigan,2017,52,566,0.0686352
Minnesota,2017,52,150,0.0181895
Mississippi,2017,52,2059,0.2496817
Missouri,2017,52,190,0.0230401
Montana,2017,52,3,0.0003638
Nebraska,2017,52,496,0.0601467
Nevada,2017,52,675,0.0818529
New Hampshire,2017,52,13,0.0015764
New Jersey,2017,52,1085,0.131571
New Mexico,2017,52,776,0.0941005
New York,2017,52,366,0.0443825
North Carolina,2017,52,234,0.0283757
North Dakota,2017,52,31,0.0037592
Ohio,2017,52,474,0.0574789
Oklahoma,2017,52,645,0.078215
Oregon,2017,52,1821,0.220821
Pennsylvania,2017,52,1333,0.1616443
Rhode Island,2017,52,45,0.0054569
South Carolina,2017,52,365,0.0442612
South Dakota,2017,52,302,0.0366216
Tennessee,2017,52,221,0.0267992
Texas,2017,52,1830,0.2219123
Utah,2017,52,205,0.024859
Vermont,2017,52,112,0.0135815
Virginia,2017,52,3523,0.4272115
Washington,2017,52,257,0.0311647
West Virginia,2017,52,823,0.0997999
Wisconsin,2017,52,109,0.0132177
Wyoming,2017,52,167,0.020251
Alabama,2018,1,3738,0.4532832
Alaska,2018,1,222,0.0269205
Arizona,2018,1,1249,0.1514582
Arkansas,2018,1,257,0.0311647
California,2018,1,2258,0.2738131
Colorado,2018,1,553,0.0670588
Connecticut,2018,1,85,0.0103074
Delaware,2018,1,9,0.0010914
District of Columbia,2018,1,310,0.0375917
Florida,2018,1,0,0
Georgia,2018,1,3067,0.3719154
Hawaii,2018,1,54,0.0065482
Idaho,2018,1,37,0.0044868
Illinois,2018,1,2495,0.3025526
Indiana,2018,1,194,0.0235251
Iowa,2018,1,50,0.0060632
Kansas,2018,1,499,0.0605105
Kentucky,2018,1,1096,0.1329049
Louisiana,2018,1,5047,0.6120172
Maine,2018,1,25,0.0030316
Maryland,2018,1,198,0.0240102
Massachusetts,2018,1,721,0.087431
Michigan,2018,1,676,0.0819742
Minnesota,2018,1,221,0.0267992
Mississippi,2018,1,1964,0.2381616
Missouri,2018,1,256,0.0310435
Montana,2018,1,3,0.0003638
Nebraska,2018,1,453,0.0549324
Nevada,2018,1,640,0.0776087
New Hampshire,2018,1,34,0.004123
New Jersey,2018,1,1142,0.138483
New Mexico,2018,1,869,0.105378
New York,2018,1,340,0.0412296
North Carolina,2018,1,257,0.0311647
North Dakota,2018,1,34,0.004123
Ohio,2018,1,470,0.0569939
Oklahoma,2018,1,517,0.0626933
Oregon,2018,1,1875,0.2273692
Pennsylvania,2018,1,1703,0.2065119
Rhode Island,2018,1,71,0.0086097
South Carolina,2018,1,340,0.0412296
South Dakota,2018,1,295,0.0357728
Tennessee,2018,1,312,0.0378342
Texas,2018,1,3427,0.4155702
Utah,2018,1,237,0.0287395
Vermont,2018,1,130,0.0157643
Virginia,2018,1,3803,0.4611653
Washington,2018,1,267,0.0323774
West Virginia,2018,1,457,0.0554174
Wisconsin,2018,1,159,0.0192809
Wyoming,2018,1,239,0.028982
Alabama,2018,2,4829,0.5855818
Alaska,2018,2,208,0.0252228
Arizona,2018,2,924,0.1120475
Arkansas,2018,2,474,0.0574789
California,2018,2,2355,0.2855757
Colorado,2018,2,686,0.0831868
Connecticut,2018,2,95,0.01152
Delaware,2018,2,24,0.0029103
District of Columbia,2018,2,394,0.0477778
Florida,2018,2,0,0
Georgia,2018,2,4731,0.5736979
Hawaii,2018,2,101,0.0122476
Idaho,2018,2,60,0.0072758
Illinois,2018,2,2465,0.2989147
Indiana,2018,2,318,0.0385618
Iowa,2018,2,116,0.0140666
Kansas,2018,2,608,0.0737282
Kentucky,2018,2,1111,0.1347238
Louisiana,2018,2,5572,0.6756806
Maine,2018,2,25,0.0030316
Maryland,2018,2,288,0.0349239
Massachusetts,2018,2,819,0.0993149
Michigan,2018,2,1105,0.1339962
Minnesota,2018,2,321,0.0389256
Mississippi,2018,2,1996,0.2420421
Missouri,2018,2,271,0.0328624
Montana,2018,2,21,0.0025465
Nebraska,2018,2,316,0.0383193
Nevada,2018,2,547,0.0663312
New Hampshire,2018,2,52,0.0063057
New Jersey,2018,2,1165,0.1412721
New Mexico,2018,2,986,0.1195659
New York,2018,2,648,0.0785788
North Carolina,2018,2,602,0.0730007
North Dakota,2018,2,64,0.0077609
Ohio,2018,2,615,0.0745771
Oklahoma,2018,2,767,0.0930092
Oregon,2018,2,1954,0.236949
Pennsylvania,2018,2,1711,0.207482
Rhode Island,2018,2,135,0.0163706
South Carolina,2018,2,497,0.060268
South Dakota,2018,2,368,0.044625
Tennessee,2018,2,524,0.0635421
Texas,2018,2,4048,0.4908749
Utah,2018,2,282,0.0341963
Vermont,2018,2,174,0.0210999
Virginia,2018,2,4560,0.5529619
Washington,2018,2,352,0.0426848
West Virginia,2018,2,624,0.0756685
Wisconsin,2018,2,237,0.0287395
Wyoming,2018,2,208,0.0252228
Alabama,2018,3,5145,0.623901
Alaska,2018,3,199,0.0241314
Arizona,2018,3,1030,0.1249015
Arkansas,2018,3,419,0.0508094
California,2018,3,1959,0.2375553
Colorado,2018,3,665,0.0806403
Connecticut,2018,3,239,0.028982
Delaware,2018,3,29,0.0035166
District of Columbia,2018,3,436,0.0528709
Florida,2018,3,0,0
Georgia,2018,3,6284,0.7620203
Hawaii,2018,3,77,0.0093373
Idaho,2018,3,45,0.0054569
Illinois,2018,3,2370,0.2873947
Indiana,2018,3,369,0.0447463
Iowa,2018,3,134,0.0162493
Kansas,2018,3,716,0.0868247
Kentucky,2018,3,1214,0.147214
Louisiana,2018,3,4834,0.5861881
Maine,2018,3,35,0.0042442
Maryland,2018,3,344,0.0417147
Massachusetts,2018,3,1066,0.129267
Michigan,2018,3,1347,0.163342
Minnesota,2018,3,373,0.0452313
Mississippi,2018,3,1679,0.2036015
Missouri,2018,3,446,0.0540836
Montana,2018,3,17,0.0020615
Nebraska,2018,3,424,0.0514158
Nevada,2018,3,428,0.0519008
New Hampshire,2018,3,81,0.0098224
New Jersey,2018,3,1597,0.1936579
New Mexico,2018,3,1165,0.1412721
New York,2018,3,799,0.0968896
North Carolina,2018,3,773,0.0937367
North Dakota,2018,3,44,0.0053356
Ohio,2018,3,698,0.084642
Oklahoma,2018,3,939,0.1138665
Oregon,2018,3,1902,0.2306433
Pennsylvania,2018,3,2225,0.2698114
Rhode Island,2018,3,197,0.0238889
South Carolina,2018,3,712,0.0863397
South Dakota,2018,3,474,0.0574789
Tennessee,2018,3,751,0.0910689
Texas,2018,3,3926,0.4760808
Utah,2018,3,300,0.0363791
Vermont,2018,3,233,0.0282544
Virginia,2018,3,5509,0.668041
Washington,2018,3,286,0.0346814
West Virginia,2018,3,644,0.0780937
Wisconsin,2018,3,232,0.0281331
Wyoming,2018,3,259,0.0314073
Alabama,2018,4,5136,0.6228097
Alaska,2018,4,233,0.0282544
Arizona,2018,4,896,0.1086522
Arkansas,2018,4,434,0.0526284
California,2018,4,1995,0.2419208
Colorado,2018,4,793,0.096162
Connecticut,2018,4,332,0.0402595
Delaware,2018,4,72,0.008731
District of Columbia,2018,4,658,0.0797914
Florida,2018,4,0,0
Georgia,2018,4,7656,0.9283939
Hawaii,2018,4,99,0.0120051
Idaho,2018,4,45,0.0054569
Illinois,2018,4,2564,0.3109198
Indiana,2018,4,448,0.0543261
Iowa,2018,4,187,0.0226763
Kansas,2018,4,852,0.1033166
Kentucky,2018,4,1180,0.143091
Louisiana,2018,4,4526,0.5488389
Maine,2018,4,62,0.0075183
Maryland,2018,4,429,0.0520221
Massachusetts,2018,4,1480,0.1794701
Michigan,2018,4,1515,0.1837143
Minnesota,2018,4,458,0.0555387
Mississippi,2018,4,2116,0.2565937
Missouri,2018,4,477,0.0578427
Montana,2018,4,15,0.001819
Nebraska,2018,4,633,0.0767598
Nevada,2018,4,523,0.0634208
New Hampshire,2018,4,108,0.0130965
New Jersey,2018,4,2480,0.3007336
New Mexico,2018,4,1250,0.1515795
New York,2018,4,1353,0.1640696
North Carolina,2018,4,1533,0.185897
North Dakota,2018,4,54,0.0065482
Ohio,2018,4,882,0.1069545
Oklahoma,2018,4,1119,0.1356939
Oregon,2018,4,1801,0.2183957
Pennsylvania,2018,4,3069,0.3721579
Rhode Island,2018,4,290,0.0351664
South Carolina,2018,4,875,0.1061056
South Dakota,2018,4,545,0.0660886
Tennessee,2018,4,630,0.076396
Texas,2018,4,5157,0.6253562
Utah,2018,4,234,0.0283757
Vermont,2018,4,380,0.0460802
Virginia,2018,4,8507,1.0315892
Washington,2018,4,345,0.0418359
West Virginia,2018,4,795,0.0964045
Wisconsin,2018,4,309,0.0374704
Wyoming,2018,4,284,0.0344389
Alabama,2018,5,5278,0.6400291
Alaska,2018,5,303,0.0367429
Arizona,2018,5,738,0.0894925
Arkansas,2018,5,636,0.0771236
California,2018,5,2038,0.2471351
Colorado,2018,5,977,0.1184745
Connecticut,2018,5,352,0.0426848
Delaware,2018,5,105,0.0127327
District of Columbia,2018,5,813,0.0985873
Florida,2018,5,0,0
Georgia,2018,5,8032,0.973989
Hawaii,2018,5,74,0.0089735
Idaho,2018,5,58,0.0070333
Illinois,2018,5,2723,0.3302007
Indiana,2018,5,423,0.0512945
Iowa,2018,5,190,0.0230401
Kansas,2018,5,924,0.1120475
Kentucky,2018,5,1186,0.1438186
Louisiana,2018,5,4523,0.5484751
Maine,2018,5,63,0.0076396
Maryland,2018,5,455,0.0551749
Massachusetts,2018,5,1992,0.241557
Michigan,2018,5,1620,0.196447
Minnesota,2018,5,499,0.0605105
Mississippi,2018,5,1939,0.2351301
Missouri,2018,5,833,0.1010126
Montana,2018,5,28,0.0033954
Nebraska,2018,5,709,0.0859759
Nevada,2018,5,551,0.0668162
New Hampshire,2018,5,161,0.0195234
New Jersey,2018,5,2981,0.3614867
New Mexico,2018,5,2219,0.2690839
New York,2018,5,1550,0.1879585
North Carolina,2018,5,1708,0.2071182
North Dakota,2018,5,54,0.0065482
Ohio,2018,5,1009,0.1223549
Oklahoma,2018,5,1021,0.1238101
Oregon,2018,5,1766,0.2141515
Pennsylvania,2018,5,3638,0.4411569
Rhode Island,2018,5,374,0.0453526
South Carolina,2018,5,1025,0.1242952
South Dakota,2018,5,649,0.0787001
Tennessee,2018,5,696,0.0843994
Texas,2018,5,4938,0.5987995
Utah,2018,5,271,0.0328624
Vermont,2018,5,332,0.0402595
Virginia,2018,5,10776,1.3067362
Washington,2018,5,247,0.0299521
West Virginia,2018,5,566,0.0686352
Wisconsin,2018,5,337,0.0408658
Wyoming,2018,5,317,0.0384406
Alabama,2018,6,5100,0.6184442
Alaska,2018,6,329,0.0398957
Arizona,2018,6,986,0.1195659
Arkansas,2018,6,553,0.0670588
California,2018,6,1814,0.2199721
Colorado,2018,6,863,0.1046505
Connecticut,2018,6,384,0.0465652
Delaware,2018,6,187,0.0226763
District of Columbia,2018,6,776,0.0941005
Florida,2018,6,0,0
Georgia,2018,6,8949,1.0851877
Hawaii,2018,6,67,0.0081247
Idaho,2018,6,42,0.0050931
Illinois,2018,6,2555,0.3098284
Indiana,2018,6,442,0.0535985
Iowa,2018,6,166,0.0201298
Kansas,2018,6,908,0.1101073
Kentucky,2018,6,1276,0.1547323
Louisiana,2018,6,4119,0.4994846
Maine,2018,6,72,0.008731
Maryland,2018,6,450,0.0545686
Massachusetts,2018,6,2069,0.2508943
Michigan,2018,6,1321,0.1601892
Minnesota,2018,6,474,0.0574789
Mississippi,2018,6,1811,0.2196083
Missouri,2018,6,642,0.0778512
Montana,2018,6,17,0.0020615
Nebraska,2018,6,854,0.1035591
Nevada,2018,6,536,0.0649973
New Hampshire,2018,6,225,0.0272843
New Jersey,2018,6,3301,0.400291
New Mexico,2018,6,1995,0.2419208
New York,2018,6,1678,0.2034803
North Carolina,2018,6,1973,0.239253
North Dakota,2018,6,65,0.0078821
Ohio,2018,6,1098,0.1331474
Oklahoma,2018,6,760,0.0921603
Oregon,2018,6,1406,0.1704966
Pennsylvania,2018,6,4171,0.5057903
Rhode Island,2018,6,507,0.0614806
South Carolina,2018,6,1031,0.1250227
South Dakota,2018,6,549,0.0665737
Tennessee,2018,6,586,0.0710604
Texas,2018,6,4398,0.5333172
Utah,2018,6,633,0.0767598
Vermont,2018,6,431,0.0522646
Virginia,2018,6,11452,1.3887104
Washington,2018,6,209,0.0253441
West Virginia,2018,6,795,0.0964045
Wisconsin,2018,6,306,0.0371067
Wyoming,2018,6,325,0.0394107
Alabama,2018,7,2921,0.3542109
Alaska,2018,7,385,0.0466865
Arizona,2018,7,933,0.1131389
Arkansas,2018,7,418,0.0506882
California,2018,7,1639,0.198751
Colorado,2018,7,740,0.089735
Connecticut,2018,7,340,0.0412296
Delaware,2018,7,143,0.0173407
District of Columbia,2018,7,790,0.0957982
Florida,2018,7,0,0
Georgia,2018,7,6528,0.7916086
Hawaii,2018,7,70,0.0084885
Idaho,2018,7,36,0.0043655
Illinois,2018,7,2416,0.2929728
Indiana,2018,7,356,0.0431698
Iowa,2018,7,89,0.0107925
Kansas,2018,7,891,0.1080458
Kentucky,2018,7,1081,0.1310859
Louisiana,2018,7,3458,0.4193294
Maine,2018,7,77,0.0093373
Maryland,2018,7,382,0.0463227
Massachusetts,2018,7,1986,0.2408294
Michigan,2018,7,947,0.1148366
Minnesota,2018,7,285,0.0345601
Mississippi,2018,7,1495,0.181289
Missouri,2018,7,644,0.0780937
Montana,2018,7,17,0.0020615
Nebraska,2018,7,752,0.0911902
Nevada,2018,7,464,0.0562663
New Hampshire,2018,7,215,0.0260717
New Jersey,2018,7,3391,0.4112048
New Mexico,2018,7,1423,0.1725581
New York,2018,7,1587,0.1924453
North Carolina,2018,7,1427,0.1730431
North Dakota,2018,7,43,0.0052143
Ohio,2018,7,816,0.0989511
Oklahoma,2018,7,569,0.068999
Oregon,2018,7,1213,0.1470927
Pennsylvania,2018,7,4301,0.5215546
Rhode Island,2018,7,459,0.05566
South Carolina,2018,7,725,0.0879161
South Dakota,2018,7,548,0.0664524
Tennessee,2018,7,529,0.0641484
Texas,2018,7,3535,0.4286667
Utah,2018,7,1379,0.1672225
Vermont,2018,7,410,0.0497181
Virginia,2018,7,11195,1.3575456
Washington,2018,7,177,0.0214637
West Virginia,2018,7,731,0.0886437
Wisconsin,2018,7,295,0.0357728
Wyoming,2018,7,302,0.0366216
Alabama,2018,8,2172,0.2633845
Alaska,2018,8,344,0.0417147
Arizona,2018,8,879,0.1065907
Arkansas,2018,8,332,0.0402595
California,2018,8,1348,0.1634633
Colorado,2018,8,672,0.0814891
Connecticut,2018,8,297,0.0360153
Delaware,2018,8,80,0.0097011
District of Columbia,2018,8,499,0.0605105
Florida,2018,8,0,0
Georgia,2018,8,3190,0.3868308
Hawaii,2018,8,43,0.0052143
Idaho,2018,8,36,0.0043655
Illinois,2018,8,1880,0.2279755
Indiana,2018,8,158,0.0191596
Iowa,2018,8,87,0.0105499
Kansas,2018,8,628,0.0761535
Kentucky,2018,8,732,0.0887649
Louisiana,2018,8,2203,0.2671436
Maine,2018,8,58,0.0070333
Maryland,2018,8,365,0.0442612
Massachusetts,2018,8,1532,0.1857758
Michigan,2018,8,834,0.1011338
Minnesota,2018,8,261,0.0316498
Mississippi,2018,8,1030,0.1249015
Missouri,2018,8,360,0.0436549
Montana,2018,8,19,0.002304
Nebraska,2018,8,633,0.0767598
Nevada,2018,8,371,0.0449888
New Hampshire,2018,8,114,0.013824
New Jersey,2018,8,2231,0.270539
New Mexico,2018,8,987,0.1196871
New York,2018,8,845,0.1024677
North Carolina,2018,8,821,0.0995574
North Dakota,2018,8,50,0.0060632
Ohio,2018,8,652,0.0790638
Oklahoma,2018,8,445,0.0539623
Oregon,2018,8,1101,0.1335112
Pennsylvania,2018,8,3061,0.3711878
Rhode Island,2018,8,261,0.0316498
South Carolina,2018,8,435,0.0527497
South Dakota,2018,8,426,0.0516583
Tennessee,2018,8,253,0.0306797
Texas,2018,8,2577,0.3124962
Utah,2018,8,1082,0.1312072
Vermont,2018,8,322,0.0390469
Virginia,2018,8,7516,0.911417
Washington,2018,8,175,0.0212211
West Virginia,2018,8,292,0.035409
Wisconsin,2018,8,271,0.0328624
Wyoming,2018,8,246,0.0298308
Alabama,2018,9,1209,0.1466077
Alaska,2018,9,363,0.0440187
Arizona,2018,9,784,0.0950706
Arkansas,2018,9,193,0.0234039
California,2018,9,1458,0.1768023
Colorado,2018,9,554,0.06718
Connecticut,2018,9,236,0.0286182
Delaware,2018,9,55,0.0066695
District of Columbia,2018,9,360,0.0436549
Florida,2018,9,0,0
Georgia,2018,9,1961,0.2377979
Hawaii,2018,9,52,0.0063057
Idaho,2018,9,25,0.0030316
Illinois,2018,9,1284,0.1557024
Indiana,2018,9,178,0.0215849
Iowa,2018,9,49,0.0059419
Kansas,2018,9,471,0.0571151
Kentucky,2018,9,477,0.0578427
Louisiana,2018,9,1700,0.2061481
Maine,2018,9,36,0.0043655
Maryland,2018,9,257,0.0311647
Massachusetts,2018,9,1040,0.1261141
Michigan,2018,9,516,0.062572
Minnesota,2018,9,200,0.0242527
Mississippi,2018,9,645,0.078215
Missouri,2018,9,238,0.0288607
Montana,2018,9,33,0.0040017
Nebraska,2018,9,484,0.0586916
Nevada,2018,9,194,0.0235251
New Hampshire,2018,9,110,0.013339
New Jersey,2018,9,1327,0.1609168
New Mexico,2018,9,849,0.1029528
New York,2018,9,559,0.0677863
North Carolina,2018,9,394,0.0477778
North Dakota,2018,9,36,0.0043655
Ohio,2018,9,367,0.0445037
Oklahoma,2018,9,292,0.035409
Oregon,2018,9,1005,0.1218699
Pennsylvania,2018,9,2092,0.2536834
Rhode Island,2018,9,143,0.0173407
South Carolina,2018,9,230,0.0278906
South Dakota,2018,9,437,0.0529922
Tennessee,2018,9,160,0.0194022
Texas,2018,9,1807,0.2191233
Utah,2018,9,730,0.0885224
Vermont,2018,9,304,0.0368641
Virginia,2018,9,4506,0.5464136
Washington,2018,9,123,0.0149154
West Virginia,2018,9,248,0.0300734
Wisconsin,2018,9,215,0.0260717
Wyoming,2018,9,194,0.0235251
Alabama,2018,10,1019,0.1235676
Alaska,2018,10,393,0.0476566
Arizona,2018,10,533,0.0646335
Arkansas,2018,10,132,0.0160068
California,2018,10,1258,0.1525496
Colorado,2018,10,455,0.0551749
Connecticut,2018,10,123,0.0149154
Delaware,2018,10,25,0.0030316
District of Columbia,2018,10,349,0.042321
Florida,2018,10,0,0
Georgia,2018,10,1783,0.2162129
Hawaii,2018,10,75,0.0090948
Idaho,2018,10,7,0.0008488
Illinois,2018,10,1079,0.1308434
Indiana,2018,10,132,0.0160068
Iowa,2018,10,61,0.0073971
Kansas,2018,10,373,0.0452313
Kentucky,2018,10,379,0.0459589
Louisiana,2018,10,1469,0.1781362
Maine,2018,10,20,0.0024253
Maryland,2018,10,181,0.0219487
Massachusetts,2018,10,764,0.0926454
Michigan,2018,10,370,0.0448675
Minnesota,2018,10,178,0.0215849
Mississippi,2018,10,576,0.0698478
Missouri,2018,10,101,0.0122476
Montana,2018,10,18,0.0021827
Nebraska,2018,10,515,0.0624507
Nevada,2018,10,194,0.0235251
New Hampshire,2018,10,26,0.0031529
New Jersey,2018,10,1082,0.1312072
New Mexico,2018,10,587,0.0711817
New York,2018,10,382,0.0463227
North Carolina,2018,10,313,0.0379555
North Dakota,2018,10,16,0.0019402
Ohio,2018,10,344,0.0417147
Oklahoma,2018,10,228,0.0276481
Oregon,2018,10,804,0.0974959
Pennsylvania,2018,10,1400,0.169769
Rhode Island,2018,10,115,0.0139453
South Carolina,2018,10,192,0.0232826
South Dakota,2018,10,334,0.040502
Tennessee,2018,10,83,0.0100649
Texas,2018,10,1274,0.1544898
Utah,2018,10,613,0.0743346
Vermont,2018,10,209,0.0253441
Virginia,2018,10,3498,0.42418
Washington,2018,10,90,0.0109137
West Virginia,2018,10,159,0.0192809
Wisconsin,2018,10,231,0.0280119
Wyoming,2018,10,194,0.0235251
Alabama,2018,11,914,0.1108349
Alaska,2018,11,22,0.0026678
Arizona,2018,11,264,0.0320136
Arkansas,2018,11,42,0.0050931
California,2018,11,1124,0.1363002
Colorado,2018,11,360,0.0436549
Connecticut,2018,11,70,0.0084885
Delaware,2018,11,21,0.0025465
District of Columbia,2018,11,375,0.0454738
Florida,2018,11,0,0
Georgia,2018,11,1655,0.2006912
Hawaii,2018,11,50,0.0060632
Idaho,2018,11,13,0.0015764
Illinois,2018,11,1002,0.1215061
Indiana,2018,11,71,0.0086097
Iowa,2018,11,55,0.0066695
Kansas,2018,11,199,0.0241314
Kentucky,2018,11,160,0.0194022
Louisiana,2018,11,1350,0.1637058
Maine,2018,11,39,0.0047293
Maryland,2018,11,143,0.0173407
Massachusetts,2018,11,658,0.0797914
Michigan,2018,11,221,0.0267992
Minnesota,2018,11,106,0.0128539
Mississippi,2018,11,463,0.056145
Missouri,2018,11,15,0.001819
Montana,2018,11,13,0.0015764
Nebraska,2018,11,395,0.0478991
Nevada,2018,11,197,0.0238889
New Hampshire,2018,11,11,0.0013339
New Jersey,2018,11,922,0.111805
New Mexico,2018,11,551,0.0668162
New York,2018,11,44,0.0053356
North Carolina,2018,11,321,0.0389256
North Dakota,2018,11,10,0.0012126
Ohio,2018,11,229,0.0277694
Oklahoma,2018,11,170,0.0206148
Oregon,2018,11,900,0.1091372
Pennsylvania,2018,11,1262,0.1530346
Rhode Island,2018,11,109,0.0132177
South Carolina,2018,11,160,0.0194022
South Dakota,2018,11,337,0.0408658
Tennessee,2018,11,68,0.0082459
Texas,2018,11,631,0.0765173
Utah,2018,11,445,0.0539623
Vermont,2018,11,160,0.0194022
Virginia,2018,11,3419,0.4146001
Washington,2018,11,113,0.0137028
West Virginia,2018,11,50,0.0060632
Wisconsin,2018,11,58,0.0070333
Wyoming,2018,11,131,0.0158855
